Organization,Followed On
TechDoQuest,Wed Mar 13 18:51:14 UTC 2024
"Presidency College, Bangalore",Tue Mar 12 08:53:04 UTC 2024
Code4x,Fri Mar 01 11:13:16 UTC 2024
Vikisol Technologies Pvt ltd,Fri Mar 01 11:12:35 UTC 2024
MAPLE BEAR CANADIAN PRE SCHOOL,Wed Feb 28 11:48:18 UTC 2024
Wattic powered by Swaminathan enterprises Private limited,Tue Feb 27 19:50:40 UTC 2024
Klaus IT Solutions Pvt Ltd,Sat Feb 24 19:20:34 UTC 2024
The Chief Circle | TCC,Wed Feb 21 11:00:39 UTC 2024
TCS,Tue Feb 20 05:06:14 UTC 2024
FedEx ACC,Mon Feb 19 11:40:27 UTC 2024
Chargebee,Thu Feb 15 15:46:19 UTC 2024
Prophecius Technologies,Sun Feb 11 12:09:03 UTC 2024
V5 Global Services Private Limited.,Tue Jan 23 12:55:48 UTC 2024
Discoveries Quintessential,Mon Jan 15 17:29:10 UTC 2024
Infovision,Thu Dec 28 11:21:40 UTC 2023
InfoVision Inc.,Wed Dec 27 17:45:35 UTC 2023
LEJHRO,Sat Dec 09 12:42:20 UTC 2023
Intervie Tech,Wed Dec 06 13:00:56 UTC 2023
EdiGlobe,Fri Nov 24 02:55:06 UTC 2023
Transform Digital Studios,Mon Nov 20 14:22:08 UTC 2023
Multi Recruit,Mon Nov 13 17:42:54 UTC 2023
"Vmetasoft, Inc.",Mon Nov 13 17:30:16 UTC 2023
Lithium Urban Technologies,Thu Nov 09 08:00:44 UTC 2023
UM IT Services & Consulting,Sun Oct 29 11:27:20 UTC 2023
MongoDB,Mon Oct 23 17:23:41 UTC 2023
aiRender,Thu Aug 03 23:06:02 UTC 2023
Work From Home/ Fresher & Experience Jobs,Sun Jul 30 13:54:49 UTC 2023
Cognizant,Sun Jul 30 13:54:44 UTC 2023
WebMap,Sat Jun 17 10:30:45 UTC 2023
‚öõÔ∏è ThisWeekInReact.com - üì® Subscribe now!,Thu Jun 01 14:34:40 UTC 2023
Purple Code,Fri May 19 11:50:53 UTC 2023
Daily Tech Suggest,Thu Apr 06 06:47:52 UTC 2023
Hexaware Technologies,Wed Mar 15 02:24:56 UTC 2023
letsintern,Sun Jan 29 16:16:04 UTC 2023
Hathority - Integration & Innovation,Tue Jan 03 10:21:44 UTC 2023
Adwitiya Technologies,Mon Nov 07 19:26:48 UTC 2022
Tata Technologies,Mon Nov 07 15:41:19 UTC 2022
Aditya Birla Group,Mon Nov 07 15:41:16 UTC 2022
Wipro,Mon Nov 07 15:36:45 UTC 2022
Google for Developers,Wed Sep 21 18:40:48 UTC 2022
Business Web Solutions,Sat Sep 10 19:45:10 UTC 2022
91social,Mon Sep 05 07:34:04 UTC 2022
Simpl,Mon Aug 22 13:43:32 UTC 2022
Kanbro Corporation,Tue May 31 13:57:55 UTC 2022
Sripada Studios,Thu May 26 10:44:59 UTC 2022
Freshers Jobs,Wed Apr 20 21:43:19 UTC 2022
"Indian Institute of Technology, Madras",Sun Mar 20 18:12:00 UTC 2022
A3 Robotics,Sun Mar 20 18:11:56 UTC 2022
SS Innovations,Sun Mar 20 18:11:54 UTC 2022
HackerRank,Thu Mar 17 16:26:10 UTC 2022
Vedantu,Sun Feb 20 10:03:01 UTC 2022
Deloitte,Sun Feb 20 10:02:52 UTC 2022
Ola,Sun Feb 20 10:02:45 UTC 2022
Oracle,Sun Feb 20 10:02:41 UTC 2022
Zomato,Sun Feb 20 10:02:30 UTC 2022
HCLTech,Sun Feb 20 10:02:22 UTC 2022
Flipkart,Sun Feb 20 10:02:08 UTC 2022
Larsen & Toubro,Sun Feb 20 10:02:07 UTC 2022
GeeksforGeeks,Thu Jan 27 12:26:34 UTC 2022
Workafy,Wed Jan 26 21:04:40 UTC 2022
IBM,Sun Jan 23 21:34:22 UTC 2022
BE the surprise store,Wed Jan 19 19:39:44 UTC 2022
Tata Consultancy Services,Sat Jan 16 18:56:01 UTC 2021
Tata Group,Sat Jan 16 18:55:51 UTC 2021
group TAC,Thu Jan 14 19:59:43 UTC 2021
TAC Security,Thu Jan 14 19:59:37 UTC 2021
Amazon,Mon Jan 11 20:10:41 UTC 2021
CloudCity,Mon Jan 11 18:01:02 UTC 2021
Jobs for Freshers &  Experienced,Wed Dec 30 07:11:50 UTC 2020
Fresher Jobs,Wed Dec 30 07:08:43 UTC 2020
Walt Disney Animation Studios,Mon Mar 18 21:21:48 UTC 2019
Nestl√©,Mon Mar 18 21:21:44 UTC 2019
Infosys,Mon Mar 18 21:21:42 UTC 2019
YourStory Media,Thu Nov 01 13:42:36 UTC 2018
Computerworld,Thu Nov 01 13:42:28 UTC 2018
TED Conferences,Fri Jul 27 11:08:01 UTC 2018
The Wall Street Journal,Fri Jul 27 11:07:42 UTC 2018
The Atlantic,Fri Jul 27 11:07:38 UTC 2018
The New York Times,Fri Jul 27 11:07:33 UTC 2018
Recode,Fri Jul 27 11:07:27 UTC 2018
TechCrunch,Fri Jul 27 11:07:25 UTC 2018
The Economist,Fri Jul 27 11:07:20 UTC 2018
The Washington Post,Fri Jul 27 11:07:18 UTC 2018
Yanko Design,Fri Jul 27 11:07:03 UTC 2018
Jobs in Bangalore,Fri Jul 27 11:01:54 UTC 2018